CHR	SNP	N_MISS	N_GENO	F_MISS
chr1S	chr1S_165485	0	248	0
chr1S	chr1S_165530	0	248	0
chr1S	chr1S_165533	0	248	0
chr1S	chr1S_167677	0	248	0
chr1S	chr1S_167707	0	248	0
chr1S	chr1S_167764	0	248	0
chr1S	chr1S_173981	0	248	0
chr1S	chr1S_174073	0	248	0
chr1S	chr1S_174088	0	248	0
chr1S	chr1S_174404	0	248	0
chr1S	chr1S_174421	0	248	0
chr1S	chr1S_174464	0	248	0
chr1S	chr1S_174494	0	248	0
chr1S	chr1S_174501	0	248	0
chr1S	chr1S_174692	0	248	0
chr1S	chr1S_174761	0	248	0
chr1S	chr1S_174776	0	248	0
chr1S	chr1S_174962	0	248	0
chr1S	chr1S_174979	0	248	0
chr1S	chr1S_175040	0	248	0
chr1S	chr1S_175082	0	248	0
chr1S	chr1S_175094	0	248	0
chr1S	chr1S_175114	0	248	0
chr1S	chr1S_975417	0	248	0
chr1S	chr1S_975483	0	248	0
chr1S	chr1S_975719	0	248	0
chr1S	chr1S_975721	0	248	0
chr1S	chr1S_2764909	0	248	0
chr1S	chr1S_2764935	0	248	0
chr1S	chr1S_2764936	0	248	0
chr1S	chr1S_2764960	0	248	0
chr1S	chr1S_2764966	0	248	0
chr1S	chr1S_2764981	0	248	0
chr1S	chr1S_2764985	0	248	0
chr1S	chr1S_2764986	0	248	0
chr1S	chr1S_2764999	0	248	0
chr1S	chr1S_2765023	0	248	0
chr1S	chr1S_2765055	0	248	0
chr1S	chr1S_2765256	0	248	0
chr1S	chr1S_2765264	0	248	0
chr1S	chr1S_2765273	0	248	0
chr1S	chr1S_2765279	0	248	0
chr1S	chr1S_2765294	0	248	0
chr1S	chr1S_2765305	0	248	0
chr1S	chr1S_2765313	0	248	0
chr1S	chr1S_2765320	0	248	0
chr1S	chr1S_2765330	0	248	0
chr1S	chr1S_2765332	0	248	0
chr1S	chr1S_2765337	0	248	0
chr1S	chr1S_2765344	0	248	0
chr1S	chr1S_2765351	0	248	0
chr1S	chr1S_2765371	0	248	0
chr1S	chr1S_2765534	0	248	0
chr1S	chr1S_2765542	0	248	0
chr1S	chr1S_2765550	0	248	0
chr1S	chr1S_2765566	0	248	0
chr1S	chr1S_2765574	0	248	0
chr1S	chr1S_2765576	0	248	0
chr1S	chr1S_2765601	0	248	0
chr1S	chr1S_2765609	0	248	0
chr1S	chr1S_2765623	0	248	0
chr1S	chr1S_2765628	0	248	0
chr1S	chr1S_2765635	0	248	0
chr1S	chr1S_2765650	0	248	0
chr1S	chr1S_2765662	0	248	0
chr1S	chr1S_2765664	0	248	0
chr1S	chr1S_2765670	0	248	0
chr1S	chr1S_2765705	0	248	0
chr1S	chr1S_3283074	0	248	0
chr1S	chr1S_3283087	0	248	0
chr1S	chr1S_3288401	0	248	0
chr1S	chr1S_3288431	0	248	0
chr1S	chr1S_3288439	0	248	0
chr1S	chr1S_3288443	0	248	0
chr1S	chr1S_3288452	0	248	0
chr1S	chr1S_3288928	0	248	0
chr1S	chr1S_3288978	0	248	0
chr1S	chr1S_3289039	0	248	0
chr1S	chr1S_3289057	0	248	0
chr1S	chr1S_3289151	0	248	0
chr1S	chr1S_3289165	0	248	0
chr1S	chr1S_3289199	0	248	0
chr1S	chr1S_4015916	0	248	0
chr1S	chr1S_4015925	0	248	0
chr1S	chr1S_4015928	0	248	0
chr1S	chr1S_4015937	0	248	0
chr1S	chr1S_4015960	0	248	0
chr1S	chr1S_6584917	0	248	0
chr1S	chr1S_6584950	0	248	0
chr1S	chr1S_6584953	0	248	0
chr1S	chr1S_6584997	0	248	0
chr1S	chr1S_6585011	0	248	0
chr1S	chr1S_6585013	0	248	0
chr1S	chr1S_6585014	0	248	0
chr1S	chr1S_6585025	0	248	0
chr1S	chr1S_6585028	0	248	0
chr1S	chr1S_6585037	0	248	0
chr1S	chr1S_6585045	0	248	0
chr1S	chr1S_6585052	0	248	0
chr1S	chr1S_6585104	0	248	0
chr1S	chr1S_6585110	0	248	0
chr1S	chr1S_6585137	0	248	0
chr1S	chr1S_6585149	0	248	0
chr1S	chr1S_6585176	0	248	0
chr1S	chr1S_6585180	0	248	0
chr1S	chr1S_6585215	0	248	0
chr1S	chr1S_6585221	0	248	0
chr1S	chr1S_6585483	0	248	0
chr1S	chr1S_6585520	0	248	0
chr1S	chr1S_6585567	0	248	0
chr1S	chr1S_6585579	0	248	0
chr1S	chr1S_6585585	0	248	0
chr1S	chr1S_6585596	0	248	0
chr1S	chr1S_6585730	0	248	0
chr1S	chr1S_6585754	0	248	0
chr1S	chr1S_9282226	0	248	0
chr1S	chr1S_9282268	0	248	0
